"","Name","Rho Serum Drug","Rho HbA1c","Rho Dose Drug"
"1","pro.hydroxy.pro",-0.235725918,-0.321494417152494,-0.257497542
"2","deoxycholic.acid.12.sulfate.",0.205597972,0.370442795395903,0.312644385
